ID_PACIENTE,COD_MUN_DATASUS,NOME_MUNICIPIO,IDADE_ANOS,RACA_COR_COD,DT_OBITO
1,280480,N. S. do Socorro,30,1,NA
2,280480,Aracaju,42,1,NA
3,280480,Itabaiana,38,1,NA
4,280750,N. S. do Socorro,28,4,NA
5,280480,Aracaju,34,1,NA
6,280750,Itabaiana,36,2,NA
7,280750,N. S. do Socorro,30,5,NA
8,280750,N. S. do Socorro,40,4,NA
9,280480,Aracaju,40,4,NA
10,280030,Aracaju,39,4,NA
11,280750,Aracaju,34,4,NA
12,280750,Aracaju,55,5,NA
13,280030,Itabaiana,43,4,NA
14,280750,Aracaju,28,5,NA
15,280480,Aracaju,40,4,NA
16,280030,N. S. do Socorro,26,5,NA
17,280480,Aracaju,26,1,NA
18,280480,Itabaiana,25,1,NA
19,280030,Aracaju,32,5,NA
20,280030,Aracaju,26,1,NA
21,280030,N. S. do Socorro,35,4,NA
22,280030,N. S. do Socorro,44,4,NA
23,280480,Itabaiana,34,2,NA
24,280750,Aracaju,41,5,NA
25,280480,N. S. do Socorro,38,1,NA
26,280750,N. S. do Socorro,34,4,NA
27,280030,Itabaiana,25,1,NA
28,280750,Aracaju,32,4,NA
29,280480,N. S. do Socorro,35,99,NA
30,280750,Itabaiana,42,4,NA
31,280030,Aracaju,48,4,NA
32,280480,Aracaju,44,4,NA
33,280480,Itabaiana,34,4,NA
34,280030,Aracaju,24,5,NA
35,280480,Aracaju,40,2,NA
36,280750,Aracaju,31,5,NA
37,280030,Itabaiana,40,1,NA
38,280480,N. S. do Socorro,39,4,NA
39,280030,Itabaiana,26,2,NA
40,280030,Aracaju,33,4,NA
41,280750,Aracaju,30,4,NA
42,280480,Aracaju,35,99,NA
43,280480,N. S. do Socorro,37,4,NA
44,280030,Itabaiana,35,4,NA
45,280480,N. S. do Socorro,25,1,NA
46,280030,Aracaju,30,4,NA
47,280480,Itabaiana,33,1,NA
48,280750,Aracaju,35,4,NA
49,280030,Itabaiana,35,4,NA
50,280750,N. S. do Socorro,36,4,NA
51,280030,Itabaiana,44,1,NA
52,280030,Aracaju,33,1,NA
53,280480,N. S. do Socorro,35,4,NA
54,280030,Itabaiana,41,4,NA
55,280750,Itabaiana,41,5,NA
56,280030,Aracaju,41,1,NA
57,280030,Aracaju,31,99,NA
58,280480,Itabaiana,36,1,NA
59,280030,Itabaiana,45,4,NA
60,280750,N. S. do Socorro,42,1,NA
61,280030,N. S. do Socorro,30,99,NA
62,280480,N. S. do Socorro,32,1,NA
63,280030,N. S. do Socorro,28,4,NA
64,280480,Aracaju,33,2,NA
65,280750,Aracaju,27,1,NA
66,280480,N. S. do Socorro,36,4,NA
67,280750,N. S. do Socorro,42,5,NA
68,280750,Itabaiana,47,2,NA
69,280480,N. S. do Socorro,42,4,NA
70,280750,Aracaju,39,4,NA
71,280750,N. S. do Socorro,24,4,NA
72,280480,N. S. do Socorro,41,4,NA
73,280480,N. S. do Socorro,31,1,NA
74,280030,Aracaju,34,5,NA
75,280750,Aracaju,27,1,NA
76,280750,Aracaju,39,1,NA
77,280030,Itabaiana,33,99,NA
78,280750,Itabaiana,39,5,NA
79,280030,N. S. do Socorro,33,4,NA
80,280030,Aracaju,36,4,NA
81,280750,N. S. do Socorro,26,4,NA
82,280480,N. S. do Socorro,39,5,NA
83,280480,Itabaiana,34,2,NA
84,280030,Itabaiana,38,1,NA
85,280750,N. S. do Socorro,42,99,NA
86,280030,N. S. do Socorro,35,1,NA
87,280750,Itabaiana,41,1,NA
88,280030,Itabaiana,27,1,NA
89,280480,N. S. do Socorro,26,5,NA
90,280480,Aracaju,37,2,NA
91,280750,Aracaju,40,99,NA
92,280480,Itabaiana,36,4,NA
93,280030,Itabaiana,30,4,NA
94,280750,Itabaiana,38,4,NA
95,280750,Aracaju,40,99,NA
96,280480,Aracaju,44,1,NA
97,280750,Aracaju,35,4,NA
98,280030,Itabaiana,34,2,NA
99,280480,Itabaiana,24,1,NA
100,280480,Aracaju,28,1,NA
101,280480,N. S. do Socorro,29,4,NA
102,280750,Itabaiana,32,4,NA
103,280750,N. S. do Socorro,23,99,NA
104,280480,N. S. do Socorro,36,4,NA
105,280030,Aracaju,33,4,NA
106,280030,Aracaju,33,99,NA
107,280480,N. S. do Socorro,35,1,NA
108,280750,Itabaiana,38,1,NA
109,280750,Aracaju,33,4,NA
110,280750,N. S. do Socorro,53,1,NA
111,280750,Itabaiana,38,4,NA
112,280750,N. S. do Socorro,36,5,NA
113,280750,N. S. do Socorro,41,99,NA
114,280480,N. S. do Socorro,39,4,NA
115,280750,N. S. do Socorro,33,5,NA
116,280030,Itabaiana,37,1,NA
117,280750,Itabaiana,29,2,NA
118,280750,Aracaju,48,4,NA
119,280750,Aracaju,51,1,NA
120,280480,Aracaju,39,99,NA
121,280750,Itabaiana,38,99,NA
122,280480,N. S. do Socorro,31,4,NA
123,280750,Aracaju,26,2,NA
124,280480,Itabaiana,34,4,NA
125,280030,N. S. do Socorro,24,4,NA
126,280480,Itabaiana,30,4,NA
127,280480,Aracaju,36,4,NA
128,280480,Aracaju,28,4,NA
129,280030,Itabaiana,37,4,NA
130,280480,Aracaju,40,4,NA
131,280480,Itabaiana,40,4,NA
132,280750,Itabaiana,31,4,NA
133,280750,Itabaiana,37,1,NA
134,280750,N. S. do Socorro,31,4,NA
135,280480,Aracaju,37,2,NA
136,280480,Aracaju,34,4,NA
137,280480,N. S. do Socorro,22,4,NA
138,280750,N. S. do Socorro,43,2,NA
139,280030,Itabaiana,30,1,NA
140,280750,N. S. do Socorro,33,4,NA
141,280030,N. S. do Socorro,31,4,2023-01-21
142,280480,N. S. do Socorro,34,4,2023-01-23
143,280480,N. S. do Socorro,28,1,2023-01-16
144,280750,N. S. do Socorro,46,4,2023-01-09
145,280030,Itabaiana,34,1,2023-01-02
146,280480,Itabaiana,37,4,2023-01-24
147,280030,N. S. do Socorro,38,2,2023-01-29
148,280480,Itabaiana,42,1,2023-01-11
149,280750,N. S. do Socorro,28,1,2023-01-27
150,280750,Aracaju,200,4,2023-01-25
