"","MUNIC_RES","ANO_MES_INTERNACAO","n_internacoes"
"1","280670","2017-02",1
"2","280740","2017-07",1
"3","280010","2017-08",1
"4","280030","2017-08",1
"5","280445","2017-08",1
"6","280670","2017-08",1
"7","280030","2017-09",3
"8","280320","2017-09",1
"9","280350","2017-09",2
"10","280390","2017-09",1
"11","280410","2017-09",1
"12","280440","2017-09",1
"13","280480","2017-09",1
"14","280650","2017-09",1
"15","280670","2017-09",2
"16","280710","2017-09",1
"17","280030","2017-10",16
"18","280120","2017-10",1
"19","280170","2017-10",1
"20","280210","2017-10",3
"21","280230","2017-10",2
"22","280250","2017-10",1
"23","280350","2017-10",1
"24","280360","2017-10",1
"25","280430","2017-10",1
"26","280440","2017-10",1
"27","280460","2017-10",1
"28","280480","2017-10",3
"29","280530","2017-10",2
"30","280550","2017-10",1
"31","280570","2017-10",1
"32","280620","2017-10",1
"33","280670","2017-10",5
"34","290035","2017-10",1
"35","290780","2017-10",2
"36","290860","2017-10",1
"37","292420","2017-10",1
"38","270750","2017-11",1
"39","280030","2017-11",15
"40","280060","2017-11",1
"41","280067","2017-11",2
"42","280130","2017-11",1
"43","280140","2017-11",1
"44","280160","2017-11",2
"45","280170","2017-11",2
"46","280210","2017-11",6
"47","280330","2017-11",2
"48","280350","2017-11",8
"49","280400","2017-11",2
"50","280410","2017-11",1
"51","280440","2017-11",2
"52","280480","2017-11",11
"53","280530","2017-11",2
"54","280560","2017-11",1
"55","280620","2017-11",3
"56","280670","2017-11",3
"57","280710","2017-11",2
"58","280740","2017-11",1
"59","290780","2017-11",2
"60","291080","2017-11",1
"61","291790","2017-11",2
"62","292310","2017-11",1
"63","280020","2017-12",2
"64","280030","2017-12",12
"65","280130","2017-12",1
"66","280140","2017-12",2
"67","280170","2017-12",1
"68","280210","2017-12",7
"69","280280","2017-12",2
"70","280300","2017-12",1
"71","280330","2017-12",1
"72","280350","2017-12",9
"73","280360","2017-12",4
"74","280380","2017-12",1
"75","280430","2017-12",1
"76","280480","2017-12",8
"77","280540","2017-12",1
"78","280550","2017-12",1
"79","280570","2017-12",1
"80","280630","2017-12",2
"81","280650","2017-12",1
"82","280660","2017-12",1
"83","280670","2017-12",7
"84","280760","2017-12",3
"85","290035","2017-12",1
"86","292740","2017-12",1
"87","410590","2017-12",1
"88","280020","2018-01",6
"89","280030","2018-01",23
"90","280100","2018-01",1
"91","280120","2018-01",2
"92","280130","2018-01",5
"93","280150","2018-01",1
"94","280170","2018-01",3
"95","280210","2018-01",12
"96","280230","2018-01",1
"97","280280","2018-01",1
"98","280310","2018-01",1
"99","280320","2018-01",2
"100","280350","2018-01",6
"101","280360","2018-01",1
"102","280410","2018-01",1
"103","280430","2018-01",1
"104","280440","2018-01",1
"105","280445","2018-01",1
"106","280450","2018-01",1
"107","280460","2018-01",1
"108","280470","2018-01",1
"109","280480","2018-01",7
"110","280500","2018-01",2
"111","280590","2018-01",6
"112","280610","2018-01",1
"113","280620","2018-01",2
"114","280630","2018-01",1
"115","280670","2018-01",1
"116","280680","2018-01",1
"117","280710","2018-01",2
"118","280720","2018-01",2
"119","280740","2018-01",3
"120","280750","2018-01",1
"121","292660","2018-01",1
"122","292740","2018-01",1
"123","280020","2018-02",10
"124","280030","2018-02",13
"125","280060","2018-02",1
"126","280067","2018-02",2
"127","280130","2018-02",3
"128","280200","2018-02",1
"129","280210","2018-02",12
"130","280220","2018-02",1
"131","280280","2018-02",1
"132","280300","2018-02",1
"133","280350","2018-02",7
"134","280360","2018-02",1
"135","280370","2018-02",1
"136","280380","2018-02",1
"137","280390","2018-02",1
"138","280430","2018-02",3
"139","280440","2018-02",1
"140","280480","2018-02",11
"141","280540","2018-02",1
"142","280570","2018-02",1
"143","280590","2018-02",2
"144","280630","2018-02",2
"145","280650","2018-02",1
"146","280660","2018-02",1
"147","280670","2018-02",2
"148","280710","2018-02",2
"149","280740","2018-02",1
"150","280760","2018-02",4
"151","290860","2018-02",2
"152","292380","2018-02",1
"153","280020","2018-03",9
"154","280030","2018-03",18
"155","280040","2018-03",3
"156","280067","2018-03",1
"157","280110","2018-03",1
"158","280120","2018-03",1
"159","280130","2018-03",2
"160","280140","2018-03",3
"161","280170","2018-03",1
"162","280200","2018-03",1
"163","280210","2018-03",9
"164","280270","2018-03",2
"165","280280","2018-03",2
"166","280290","2018-03",1
"167","280300","2018-03",1
"168","280320","2018-03",2
"169","280350","2018-03",1
"170","280360","2018-03",1
"171","280380","2018-03",1
"172","280420","2018-03",1
"173","280440","2018-03",1
"174","280480","2018-03",9
"175","280510","2018-03",2
"176","280540","2018-03",1
"177","280550","2018-03",2
"178","280580","2018-03",1
"179","280590","2018-03",7
"180","280670","2018-03",3
"181","280710","2018-03",3
"182","280740","2018-03",1
"183","280750","2018-03",2
"184","280760","2018-03",1
"185","280020","2018-04",7
"186","280030","2018-04",7
"187","280040","2018-04",2
"188","280050","2018-04",1
"189","280060","2018-04",1
"190","280067","2018-04",2
"191","280100","2018-04",1
"192","280130","2018-04",7
"193","280170","2018-04",3
"194","280200","2018-04",1
"195","280210","2018-04",9
"196","280290","2018-04",1
"197","280300","2018-04",1
"198","280310","2018-04",2
"199","280320","2018-04",2
"200","280330","2018-04",1
"201","280350","2018-04",2
"202","280430","2018-04",1
"203","280480","2018-04",8
"204","280540","2018-04",1
"205","280550","2018-04",2
"206","280580","2018-04",1
"207","280590","2018-04",5
"208","280630","2018-04",1
"209","280650","2018-04",1
"210","280660","2018-04",1
"211","280670","2018-04",1
"212","280750","2018-04",1
"213","290920","2018-04",1
"214","291650","2018-04",1
"215","280020","2018-05",10
"216","280030","2018-05",11
"217","280060","2018-05",2
"218","280130","2018-05",2
"219","280160","2018-05",1
"220","280170","2018-05",2
"221","280210","2018-05",4
"222","280290","2018-05",3
"223","280300","2018-05",4
"224","280310","2018-05",1
"225","280320","2018-05",1
"226","280330","2018-05",1
"227","280350","2018-05",5
"228","280360","2018-05",1
"229","280400","2018-05",1
"230","280430","2018-05",1
"231","280440","2018-05",1
"232","280460","2018-05",1
"233","280480","2018-05",8
"234","280490","2018-05",1
"235","280510","2018-05",1
"236","280540","2018-05",1
"237","280570","2018-05",2
"238","280580","2018-05",3
"239","280590","2018-05",7
"240","280610","2018-05",1
"241","280630","2018-05",2
"242","280670","2018-05",2
"243","280710","2018-05",1
"244","280760","2018-05",1
"245","270750","2018-06",2
"246","280020","2018-06",10
"247","280030","2018-06",14
"248","280040","2018-06",4
"249","280067","2018-06",5
"250","280120","2018-06",1
"251","280130","2018-06",8
"252","280160","2018-06",1
"253","280170","2018-06",1
"254","280200","2018-06",3
"255","280210","2018-06",9
"256","280240","2018-06",1
"257","280280","2018-06",5
"258","280290","2018-06",2
"259","280300","2018-06",3
"260","280320","2018-06",2
"261","280350","2018-06",2
"262","280360","2018-06",1
"263","280480","2018-06",9
"264","280490","2018-06",2
"265","280510","2018-06",2
"266","280530","2018-06",1
"267","280540","2018-06",1
"268","280550","2018-06",1
"269","280560","2018-06",1
"270","280570","2018-06",3
"271","280590","2018-06",6
"272","280610","2018-06",1
"273","280620","2018-06",1
"274","280630","2018-06",2
"275","280650","2018-06",4
"276","280670","2018-06",4
"277","280690","2018-06",1
"278","280750","2018-06",1
"279","280760","2018-06",2
"280","292740","2018-06",1
"281","280020","2018-07",6
"282","280030","2018-07",7
"283","280040","2018-07",9
"284","280100","2018-07",1
"285","280110","2018-07",1
"286","280130","2018-07",6
"287","280140","2018-07",1
"288","280150","2018-07",1
"289","280160","2018-07",1
"290","280200","2018-07",5
"291","280210","2018-07",6
"292","280280","2018-07",1
"293","280290","2018-07",1
"294","280300","2018-07",1
"295","280350","2018-07",2
"296","280360","2018-07",3
"297","280380","2018-07",1
"298","280480","2018-07",9
"299","280510","2018-07",3
"300","280560","2018-07",2
"301","280570","2018-07",2
"302","280580","2018-07",1
"303","280590","2018-07",13
"304","280630","2018-07",4
"305","280650","2018-07",1
"306","280670","2018-07",7
"307","280740","2018-07",1
"308","290920","2018-07",1
"309","291650","2018-07",1
"310","291790","2018-07",1
"311","270750","2018-08",1
"312","280010","2018-08",1
"313","280020","2018-08",11
"314","280030","2018-08",11
"315","280040","2018-08",5
"316","280050","2018-08",1
"317","280067","2018-08",2
"318","280070","2018-08",1
"319","280110","2018-08",1
"320","280120","2018-08",1
"321","280130","2018-08",7
"322","280140","2018-08",2
"323","280200","2018-08",3
"324","280210","2018-08",10
"325","280230","2018-08",1
"326","280260","2018-08",1
"327","280280","2018-08",1
"328","280290","2018-08",3
"329","280300","2018-08",3
"330","280320","2018-08",2
"331","280340","2018-08",2
"332","280360","2018-08",2
"333","280400","2018-08",1
"334","280430","2018-08",2
"335","280440","2018-08",1
"336","280450","2018-08",1
"337","280480","2018-08",6
"338","280510","2018-08",2
"339","280550","2018-08",1
"340","280560","2018-08",1
"341","280570","2018-08",1
"342","280590","2018-08",11
"343","280610","2018-08",1
"344","280630","2018-08",1
"345","280640","2018-08",1
"346","280650","2018-08",1
"347","280660","2018-08",1
"348","280670","2018-08",6
"349","280710","2018-08",2
"350","291790","2018-08",1
"351","280020","2018-09",10
"352","280030","2018-09",10
"353","280060","2018-09",1
"354","280067","2018-09",1
"355","280110","2018-09",1
"356","280130","2018-09",13
"357","280150","2018-09",1
"358","280160","2018-09",1
"359","280170","2018-09",1
"360","280190","2018-09",1
"361","280200","2018-09",2
"362","280210","2018-09",5
"363","280250","2018-09",1
"364","280280","2018-09",2
"365","280290","2018-09",2
"366","280300","2018-09",2
"367","280350","2018-09",4
"368","280390","2018-09",1
"369","280430","2018-09",1
"370","280450","2018-09",2
"371","280480","2018-09",8
"372","280570","2018-09",2
"373","280590","2018-09",7
"374","280650","2018-09",3
"375","280670","2018-09",6
"376","280710","2018-09",1
"377","280750","2018-09",1
"378","280760","2018-09",1
"379","290860","2018-09",1
"380","291650","2018-09",1
"381","291790","2018-09",1
"382","292420","2018-09",1
"383","292740","2018-09",1
"384","280020","2018-10",4
"385","280030","2018-10",21
"386","280050","2018-10",1
"387","280067","2018-10",5
"388","280110","2018-10",1
"389","280130","2018-10",3
"390","280150","2018-10",1
"391","280170","2018-10",2
"392","280200","2018-10",1
"393","280210","2018-10",15
"394","280240","2018-10",1
"395","280280","2018-10",1
"396","280290","2018-10",2
"397","280300","2018-10",2
"398","280320","2018-10",2
"399","280330","2018-10",1
"400","280350","2018-10",3
"401","280360","2018-10",3
"402","280400","2018-10",1
"403","280440","2018-10",1
"404","280450","2018-10",2
"405","280470","2018-10",1
"406","280480","2018-10",6
"407","280500","2018-10",1
"408","280570","2018-10",1
"409","280580","2018-10",1
"410","280590","2018-10",8
"411","280620","2018-10",1
"412","280630","2018-10",1
"413","280640","2018-10",1
"414","280650","2018-10",1
"415","280670","2018-10",9
"416","280710","2018-10",2
"417","280720","2018-10",1
"418","280750","2018-10",1
"419","291810","2018-10",1
"420","270590","2018-11",1
"421","280020","2018-11",16
"422","280030","2018-11",10
"423","280067","2018-11",1
"424","280130","2018-11",3
"425","280150","2018-11",1
"426","280170","2018-11",1
"427","280200","2018-11",1
"428","280210","2018-11",6
"429","280280","2018-11",1
"430","280290","2018-11",3
"431","280300","2018-11",2
"432","280340","2018-11",1
"433","280350","2018-11",3
"434","280360","2018-11",1
"435","280400","2018-11",1
"436","280430","2018-11",2
"437","280450","2018-11",1
"438","280480","2018-11",8
"439","280490","2018-11",1
"440","280510","2018-11",1
"441","280560","2018-11",1
"442","280570","2018-11",1
"443","280590","2018-11",6
"444","280630","2018-11",5
"445","280640","2018-11",1
"446","280650","2018-11",3
"447","280670","2018-11",4
"448","280720","2018-11",1
"449","280740","2018-11",1
"450","280750","2018-11",1
"451","280760","2018-11",2
"452","290860","2018-11",1
"453","280020","2018-12",10
"454","280030","2018-12",17
"455","280050","2018-12",1
"456","280060","2018-12",1
"457","280067","2018-12",1
"458","280130","2018-12",4
"459","280140","2018-12",1
"460","280150","2018-12",1
"461","280170","2018-12",2
"462","280190","2018-12",1
"463","280200","2018-12",1
"464","280210","2018-12",4
"465","280280","2018-12",1
"466","280290","2018-12",2
"467","280320","2018-12",1
"468","280330","2018-12",1
"469","280340","2018-12",1
"470","280350","2018-12",2
"471","280360","2018-12",1
"472","280410","2018-12",2
"473","280480","2018-12",12
"474","280500","2018-12",1
"475","280510","2018-12",2
"476","280550","2018-12",1
"477","280590","2018-12",4
"478","280620","2018-12",1
"479","280630","2018-12",1
"480","280640","2018-12",2
"481","280650","2018-12",4
"482","280670","2018-12",5
"483","280680","2018-12",1
"484","280690","2018-12",1
"485","280740","2018-12",3
"486","280750","2018-12",1
"487","260680","2019-01",1
"488","280010","2019-01",1
"489","280020","2019-01",8
"490","280030","2019-01",21
"491","280130","2019-01",7
"492","280170","2019-01",1
"493","280190","2019-01",1
"494","280200","2019-01",1
"495","280210","2019-01",7
"496","280270","2019-01",1
"497","280280","2019-01",2
"498","280290","2019-01",1
"499","280300","2019-01",4
"500","280320","2019-01",1
"501","280340","2019-01",1
"502","280350","2019-01",1
"503","280360","2019-01",2
"504","280390","2019-01",1
"505","280480","2019-01",13
"506","280510","2019-01",1
"507","280530","2019-01",1
"508","280570","2019-01",1
"509","280590","2019-01",5
"510","280620","2019-01",2
"511","280630","2019-01",1
"512","280660","2019-01",1
"513","280670","2019-01",2
"514","280710","2019-01",1
"515","280730","2019-01",1
"516","280740","2019-01",1
"517","280750","2019-01",3
"518","280760","2019-01",1
"519","270240","2019-02",1
"520","280020","2019-02",13
"521","280030","2019-02",14
"522","280050","2019-02",1
"523","280060","2019-02",2
"524","280130","2019-02",1
"525","280140","2019-02",1
"526","280150","2019-02",1
"527","280170","2019-02",1
"528","280200","2019-02",2
"529","280210","2019-02",3
"530","280270","2019-02",1
"531","280290","2019-02",2
"532","280300","2019-02",1
"533","280330","2019-02",1
"534","280350","2019-02",2
"535","280360","2019-02",1
"536","280390","2019-02",1
"537","280400","2019-02",1
"538","280430","2019-02",1
"539","280450","2019-02",1
"540","280480","2019-02",9
"541","280490","2019-02",1
"542","280520","2019-02",1
"543","280550","2019-02",2
"544","280560","2019-02",1
"545","280590","2019-02",4
"546","280620","2019-02",1
"547","280630","2019-02",2
"548","280640","2019-02",1
"549","280650","2019-02",1
"550","280670","2019-02",5
"551","280710","2019-02",1
"552","280760","2019-02",1
"553","290920","2019-02",1
"554","292700","2019-02",1
"555","280020","2019-03",7
"556","280030","2019-03",16
"557","280060","2019-03",1
"558","280130","2019-03",6
"559","280170","2019-03",1
"560","280200","2019-03",1
"561","280210","2019-03",2
"562","280320","2019-03",1
"563","280350","2019-03",1
"564","280380","2019-03",2
"565","280450","2019-03",1
"566","280480","2019-03",5
"567","280500","2019-03",1
"568","280550","2019-03",1
"569","280590","2019-03",12
"570","280600","2019-03",1
"571","280610","2019-03",1
"572","280620","2019-03",1
"573","280640","2019-03",1
"574","280650","2019-03",2
"575","280670","2019-03",3
"576","280690","2019-03",1
"577","280710","2019-03",1
"578","280760","2019-03",1
"579","291810","2019-03",1
"580","292420","2019-03",1
"581","270320","2019-04",1
"582","280020","2019-04",3
"583","280030","2019-04",13
"584","280060","2019-04",1
"585","280070","2019-04",2
"586","280130","2019-04",3
"587","280140","2019-04",1
"588","280170","2019-04",1
"589","280200","2019-04",5
"590","280210","2019-04",3
"591","280290","2019-04",1
"592","280300","2019-04",1
"593","280320","2019-04",1
"594","280350","2019-04",4
"595","280360","2019-04",1
"596","280390","2019-04",2
"597","280400","2019-04",1
"598","280470","2019-04",1
"599","280480","2019-04",4
"600","280510","2019-04",1
"601","280520","2019-04",1
"602","280590","2019-04",3
"603","280630","2019-04",1
"604","280650","2019-04",1
"605","280670","2019-04",1
"606","280680","2019-04",1
"607","280710","2019-04",1
"608","280740","2019-04",1
"609","291690","2019-04",1
"610","520140","2019-04",1
"611","270750","2019-05",1
"612","280020","2019-05",6
"613","280030","2019-05",19
"614","280060","2019-05",1
"615","280130","2019-05",3
"616","280210","2019-05",4
"617","280280","2019-05",1
"618","280290","2019-05",1
"619","280300","2019-05",1
"620","280320","2019-05",1
"621","280330","2019-05",1
"622","280350","2019-05",1
"623","280450","2019-05",1
"624","280460","2019-05",1
"625","280480","2019-05",4
"626","280490","2019-05",1
"627","280570","2019-05",3
"628","280580","2019-05",2
"629","280590","2019-05",4
"630","280600","2019-05",1
"631","280630","2019-05",2
"632","280650","2019-05",1
"633","280660","2019-05",1
"634","280670","2019-05",6
"635","280690","2019-05",1
"636","280710","2019-05",2
"637","280730","2019-05",1
"638","280740","2019-05",1
"639","280750","2019-05",1
"640","280020","2019-06",2
"641","280030","2019-06",10
"642","280050","2019-06",1
"643","280060","2019-06",3
"644","280067","2019-06",1
"645","280100","2019-06",1
"646","280110","2019-06",1
"647","280130","2019-06",3
"648","280140","2019-06",2
"649","280170","2019-06",1
"650","280210","2019-06",5
"651","280290","2019-06",2
"652","280300","2019-06",1
"653","280350","2019-06",1
"654","280360","2019-06",1
"655","280370","2019-06",1
"656","280430","2019-06",2
"657","280450","2019-06",1
"658","280470","2019-06",1
"659","280480","2019-06",3
"660","280540","2019-06",1
"661","280550","2019-06",1
"662","280570","2019-06",1
"663","280590","2019-06",1
"664","280620","2019-06",1
"665","280670","2019-06",2
"666","280690","2019-06",1
"667","280710","2019-06",1
"668","280750","2019-06",1
"669","290860","2019-06",1
"670","291790","2019-06",1
"671","292380","2019-06",1
"672","280010","2019-07",1
"673","280020","2019-07",3
"674","280030","2019-07",27
"675","280060","2019-07",2
"676","280070","2019-07",1
"677","280120","2019-07",1
"678","280130","2019-07",3
"679","280200","2019-07",1
"680","280210","2019-07",7
"681","280240","2019-07",1
"682","280260","2019-07",1
"683","280270","2019-07",1
"684","280290","2019-07",1
"685","280350","2019-07",2
"686","280445","2019-07",1
"687","280450","2019-07",2
"688","280460","2019-07",1
"689","280470","2019-07",1
"690","280480","2019-07",4
"691","280520","2019-07",1
"692","280550","2019-07",1
"693","280570","2019-07",2
"694","280580","2019-07",1
"695","280590","2019-07",10
"696","280600","2019-07",1
"697","280630","2019-07",1
"698","280650","2019-07",1
"699","280670","2019-07",6
"700","280690","2019-07",1
"701","280710","2019-07",2
"702","280750","2019-07",2
"703","280760","2019-07",2
"704","280020","2019-08",5
"705","280030","2019-08",7
"706","280050","2019-08",1
"707","280067","2019-08",3
"708","280100","2019-08",1
"709","280120","2019-08",2
"710","280130","2019-08",2
"711","280140","2019-08",1
"712","280170","2019-08",1
"713","280200","2019-08",2
"714","280210","2019-08",5
"715","280260","2019-08",1
"716","280280","2019-08",3
"717","280290","2019-08",5
"718","280300","2019-08",1
"719","280450","2019-08",1
"720","280460","2019-08",1
"721","280480","2019-08",3
"722","280490","2019-08",1
"723","280540","2019-08",1
"724","280590","2019-08",7
"725","280650","2019-08",2
"726","280670","2019-08",5
"727","280690","2019-08",1
"728","280700","2019-08",1
"729","280710","2019-08",2
"730","280720","2019-08",1
"731","280740","2019-08",1
"732","280750","2019-08",1
"733","280760","2019-08",3
"734","291075","2019-08",1
"735","292310","2019-08",1
"736","500740","2019-08",1
"737","280010","2019-09",1
"738","280020","2019-09",7
"739","280030","2019-09",18
"740","280067","2019-09",2
"741","280110","2019-09",1
"742","280130","2019-09",4
"743","280140","2019-09",1
"744","280200","2019-09",1
"745","280210","2019-09",6
"746","280230","2019-09",2
"747","280240","2019-09",1
"748","280280","2019-09",3
"749","280290","2019-09",1
"750","280300","2019-09",3
"751","280350","2019-09",5
"752","280360","2019-09",2
"753","280440","2019-09",3
"754","280450","2019-09",2
"755","280460","2019-09",1
"756","280480","2019-09",5
"757","280520","2019-09",1
"758","280550","2019-09",1
"759","280560","2019-09",1
"760","280570","2019-09",2
"761","280580","2019-09",2
"762","280590","2019-09",5
"763","280630","2019-09",1
"764","280660","2019-09",1
"765","280670","2019-09",6
"766","280710","2019-09",3
"767","280740","2019-09",1
"768","280760","2019-09",6
"769","292380","2019-09",1
"770","270750","2019-10",1
"771","280020","2019-10",7
"772","280030","2019-10",15
"773","280067","2019-10",2
"774","280100","2019-10",1
"775","280110","2019-10",1
"776","280140","2019-10",1
"777","280150","2019-10",1
"778","280190","2019-10",1
"779","280210","2019-10",14
"780","280270","2019-10",1
"781","280300","2019-10",1
"782","280330","2019-10",1
"783","280350","2019-10",6
"784","280360","2019-10",2
"785","280390","2019-10",2
"786","280410","2019-10",1
"787","280430","2019-10",3
"788","280450","2019-10",1
"789","280460","2019-10",2
"790","280480","2019-10",6
"791","280490","2019-10",1
"792","280530","2019-10",1
"793","280540","2019-10",1
"794","280560","2019-10",2
"795","280570","2019-10",1
"796","280590","2019-10",4
"797","280610","2019-10",1
"798","280650","2019-10",1
"799","280660","2019-10",2
"800","280670","2019-10",4
"801","280710","2019-10",2
"802","280740","2019-10",1
"803","280760","2019-10",2
"804","291790","2019-10",2
"805","280020","2019-11",8
"806","280030","2019-11",23
"807","280040","2019-11",4
"808","280060","2019-11",1
"809","280100","2019-11",1
"810","280120","2019-11",1
"811","280130","2019-11",7
"812","280140","2019-11",1
"813","280150","2019-11",2
"814","280170","2019-11",3
"815","280210","2019-11",5
"816","280300","2019-11",1
"817","280320","2019-11",1
"818","280330","2019-11",1
"819","280340","2019-11",1
"820","280350","2019-11",5
"821","280390","2019-11",1
"822","280400","2019-11",1
"823","280450","2019-11",1
"824","280460","2019-11",3
"825","280470","2019-11",1
"826","280480","2019-11",6
"827","280490","2019-11",1
"828","280520","2019-11",1
"829","280550","2019-11",1
"830","280590","2019-11",3
"831","280620","2019-11",2
"832","280670","2019-11",5
"833","280710","2019-11",1
"834","280720","2019-11",1
"835","280740","2019-11",2
"836","280750","2019-11",4
"837","292700","2019-11",1
"838","270750","2019-12",1
"839","280020","2019-12",9
"840","280030","2019-12",16
"841","280040","2019-12",1
"842","280067","2019-12",1
"843","280100","2019-12",1
"844","280130","2019-12",5
"845","280150","2019-12",1
"846","280170","2019-12",2
"847","280200","2019-12",4
"848","280210","2019-12",4
"849","280280","2019-12",2
"850","280290","2019-12",1
"851","280300","2019-12",3
"852","280330","2019-12",1
"853","280350","2019-12",3
"854","280360","2019-12",3
"855","280370","2019-12",1
"856","280420","2019-12",1
"857","280440","2019-12",1
"858","280450","2019-12",2
"859","280460","2019-12",2
"860","280480","2019-12",6
"861","280490","2019-12",1
"862","280520","2019-12",1
"863","280530","2019-12",1
"864","280540","2019-12",1
"865","280560","2019-12",1
"866","280570","2019-12",1
"867","280590","2019-12",6
"868","280600","2019-12",1
"869","280620","2019-12",1
"870","280710","2019-12",5
"871","280740","2019-12",1
"872","280760","2019-12",3
"873","290570","2019-12",1
"874","290780","2019-12",2
"875","292700","2019-12",1
"876","270820","2020-01",1
"877","280020","2020-01",14
"878","280030","2020-01",20
"879","280040","2020-01",1
"880","280067","2020-01",2
"881","280100","2020-01",1
"882","280130","2020-01",3
"883","280140","2020-01",1
"884","280170","2020-01",1
"885","280200","2020-01",5
"886","280210","2020-01",5
"887","280250","2020-01",1
"888","280280","2020-01",1
"889","280290","2020-01",2
"890","280310","2020-01",1
"891","280340","2020-01",1
"892","280350","2020-01",2
"893","280370","2020-01",1
"894","280380","2020-01",1
"895","280410","2020-01",1
"896","280445","2020-01",1
"897","280480","2020-01",6
"898","280490","2020-01",1
"899","280540","2020-01",1
"900","280550","2020-01",1
"901","280570","2020-01",3
"902","280580","2020-01",1
"903","280590","2020-01",13
"904","280600","2020-01",1
"905","280650","2020-01",2
"906","280670","2020-01",4
"907","280710","2020-01",2
"908","280740","2020-01",1
"909","280750","2020-01",5
"910","290035","2020-01",1
"911","290920","2020-01",1
"912","291075","2020-01",1
"913","292380","2020-01",1
"914","280020","2020-02",9
"915","280030","2020-02",16
"916","280067","2020-02",1
"917","280130","2020-02",3
"918","280140","2020-02",1
"919","280170","2020-02",1
"920","280250","2020-02",1
"921","280270","2020-02",1
"922","280280","2020-02",1
"923","280290","2020-02",1
"924","280330","2020-02",1
"925","280340","2020-02",1
"926","280350","2020-02",5
"927","280360","2020-02",2
"928","280380","2020-02",1
"929","280400","2020-02",1
"930","280445","2020-02",1
"931","280450","2020-02",2
"932","280480","2020-02",6
"933","280530","2020-02",1
"934","280550","2020-02",1
"935","280570","2020-02",1
"936","280580","2020-02",1
"937","280590","2020-02",3
"938","280650","2020-02",1
"939","280670","2020-02",4
"940","280710","2020-02",3
"941","280740","2020-02",1
"942","280750","2020-02",1
"943","290860","2020-02",1
"944","291060","2020-02",2
"945","291790","2020-02",1
"946","350330","2020-02",1
"947","280010","2020-03",1
"948","280020","2020-03",8
"949","280030","2020-03",17
"950","280050","2020-03",1
"951","280060","2020-03",1
"952","280067","2020-03",2
"953","280120","2020-03",2
"954","280130","2020-03",2
"955","280200","2020-03",1
"956","280210","2020-03",4
"957","280270","2020-03",1
"958","280290","2020-03",1
"959","280330","2020-03",1
"960","280340","2020-03",1
"961","280350","2020-03",1
"962","280360","2020-03",1
"963","280370","2020-03",2
"964","280400","2020-03",1
"965","280430","2020-03",2
"966","280450","2020-03",1
"967","280460","2020-03",1
"968","280470","2020-03",1
"969","280480","2020-03",11
"970","280490","2020-03",1
"971","280540","2020-03",2
"972","280570","2020-03",1
"973","280590","2020-03",5
"974","280650","2020-03",3
"975","280670","2020-03",2
"976","280680","2020-03",1
"977","280720","2020-03",1
"978","280740","2020-03",1
"979","292700","2020-03",1
"980","280020","2020-04",9
"981","280030","2020-04",15
"982","280040","2020-04",2
"983","280067","2020-04",2
"984","280100","2020-04",1
"985","280130","2020-04",2
"986","280210","2020-04",1
"987","280250","2020-04",1
"988","280270","2020-04",1
"989","280280","2020-04",2
"990","280290","2020-04",1
"991","280300","2020-04",2
"992","280320","2020-04",1
"993","280350","2020-04",2
"994","280360","2020-04",1
"995","280390","2020-04",1
"996","280420","2020-04",1
"997","280430","2020-04",2
"998","280480","2020-04",11
"999","280490","2020-04",1
"1000","280500","2020-04",1
"1001","280520","2020-04",1
"1002","280560","2020-04",1
"1003","280570","2020-04",1
"1004","280670","2020-04",6
"1005","280680","2020-04",1
"1006","280710","2020-04",1
"1007","280720","2020-04",1
"1008","280740","2020-04",1
"1009","292420","2020-04",1
"1010","280020","2020-05",15
"1011","280030","2020-05",19
"1012","280050","2020-05",1
"1013","280067","2020-05",1
"1014","280130","2020-05",1
"1015","280150","2020-05",1
"1016","280200","2020-05",1
"1017","280210","2020-05",7
"1018","280260","2020-05",1
"1019","280280","2020-05",1
"1020","280290","2020-05",4
"1021","280300","2020-05",2
"1022","280330","2020-05",1
"1023","280350","2020-05",2
"1024","280360","2020-05",1
"1025","280380","2020-05",1
"1026","280450","2020-05",1
"1027","280480","2020-05",5
"1028","280520","2020-05",1
"1029","280560","2020-05",1
"1030","280570","2020-05",1
"1031","280580","2020-05",1
"1032","280590","2020-05",2
"1033","280630","2020-05",2
"1034","280650","2020-05",1
"1035","280670","2020-05",2
"1036","280710","2020-05",1
"1037","280750","2020-05",1
"1038","291790","2020-05",2
"1039","280010","2020-06",1
"1040","280020","2020-06",11
"1041","280030","2020-06",22
"1042","280067","2020-06",5
"1043","280100","2020-06",2
"1044","280120","2020-06",1
"1045","280130","2020-06",2
"1046","280170","2020-06",1
"1047","280210","2020-06",4
"1048","280240","2020-06",1
"1049","280280","2020-06",2
"1050","280290","2020-06",1
"1051","280300","2020-06",1
"1052","280320","2020-06",1
"1053","280350","2020-06",2
"1054","280360","2020-06",1
"1055","280450","2020-06",1
"1056","280470","2020-06",1
"1057","280480","2020-06",9
"1058","280550","2020-06",3
"1059","280570","2020-06",1
"1060","280590","2020-06",2
"1061","280650","2020-06",1
"1062","280670","2020-06",4
"1063","280710","2020-06",1
"1064","280720","2020-06",1
"1065","280740","2020-06",2
"1066","280750","2020-06",1
"1067","280760","2020-06",1
"1068","292420","2020-06",1
"1069","270750","2020-07",1
"1070","280020","2020-07",8
"1071","280030","2020-07",18
"1072","280040","2020-07",1
"1073","280060","2020-07",1
"1074","280070","2020-07",1
"1075","280110","2020-07",1
"1076","280130","2020-07",3
"1077","280150","2020-07",1
"1078","280210","2020-07",11
"1079","280230","2020-07",1
"1080","280260","2020-07",1
"1081","280280","2020-07",2
"1082","280310","2020-07",1
"1083","280330","2020-07",1
"1084","280340","2020-07",2
"1085","280350","2020-07",2
"1086","280360","2020-07",1
"1087","280420","2020-07",1
"1088","280440","2020-07",1
"1089","280470","2020-07",1
"1090","280480","2020-07",3
"1091","280490","2020-07",1
"1092","280510","2020-07",2
"1093","280530","2020-07",1
"1094","280570","2020-07",1
"1095","280590","2020-07",1
"1096","280620","2020-07",1
"1097","280630","2020-07",1
"1098","280670","2020-07",4
"1099","280710","2020-07",3
"1100","280740","2020-07",1
"1101","280750","2020-07",1
"1102","280760","2020-07",1
"1103","290860","2020-07",1
"1104","290920","2020-07",2
"1105","292420","2020-07",1
"1106","280020","2020-08",14
"1107","280030","2020-08",12
"1108","280050","2020-08",1
"1109","280060","2020-08",1
"1110","280067","2020-08",1
"1111","280110","2020-08",1
"1112","280130","2020-08",3
"1113","280150","2020-08",1
"1114","280200","2020-08",1
"1115","280210","2020-08",9
"1116","280240","2020-08",1
"1117","280280","2020-08",1
"1118","280290","2020-08",3
"1119","280300","2020-08",3
"1120","280320","2020-08",1
"1121","280350","2020-08",5
"1122","280400","2020-08",1
"1123","280430","2020-08",1
"1124","280480","2020-08",5
"1125","280510","2020-08",1
"1126","280530","2020-08",1
"1127","280550","2020-08",1
"1128","280570","2020-08",2
"1129","280590","2020-08",1
"1130","280620","2020-08",2
"1131","280630","2020-08",2
"1132","280670","2020-08",4
"1133","280710","2020-08",1
"1134","280720","2020-08",1
"1135","280740","2020-08",1
"1136","280760","2020-08",4
"1137","291790","2020-08",1
"1138","350330","2020-08",2
"1139","280020","2020-09",6
"1140","280030","2020-09",20
"1141","280040","2020-09",1
"1142","280050","2020-09",2
"1143","280060","2020-09",1
"1144","280060","2020-09",1
"1145","280130","2020-09",4
"1146","280140","2020-09",3
"1147","280150","2020-09",2
"1148","280170","2020-09",3
"1149","280210","2020-09",5
"1150","280230","2020-09",1
"1151","280240","2020-09",1
"1152","280290","2020-09",4
"1153","280300","2020-09",1
"1154","280320","2020-09",1
"1155","280340","2020-09",1
"1156","280340","2020-09",1
"1157","280350","2020-09",4
"1158","280440","2020-09",1
"1159","280450","2020-09",2
"1160","280460","2020-09",1
"1161","280480","2020-09",9
"1162","280490","2020-09",1
"1163","280510","2020-09",3
"1164","280540","2020-09",3
"1165","280560","2020-09",3
"1166","280590","2020-09",4
"1167","280600","2020-09",1
"1168","280630","2020-09",2
"1169","280660","2020-09",2
"1170","280670","2020-09",5
"1171","280730","2020-09",1
"1172","280740","2020-09",1
"1173","280760","2020-09",2
"1174","291790","2020-09",3
"1175","280020","2020-10",17
"1176","280030","2020-10",13
"1177","280030","2020-10",3
"1178","280040","2020-10",1
"1179","280060","2020-10",1
"1180","280100","2020-10",1
"1181","280120","2020-10",1
"1182","280130","2020-10",8
"1183","280140","2020-10",1
"1184","280160","2020-10",1
"1185","280170","2020-10",5
"1186","280210","2020-10",1
"1187","280210","2020-10",7
"1188","280270","2020-10",1
"1189","280280","2020-10",1
"1190","280290","2020-10",1
"1191","280300","2020-10",1
"1192","280300","2020-10",3
"1193","280340","2020-10",1
"1194","280340","2020-10",1
"1195","280350","2020-10",2
"1196","280350","2020-10",2
"1197","280360","2020-10",1
"1198","280360","2020-10",2
"1199","280390","2020-10",1
"1200","280390","2020-10",1
"1201","280450","2020-10",2
"1202","280480","2020-10",7
"1203","280480","2020-10",1
"1204","280520","2020-10",2
"1205","280560","2020-10",2
"1206","280570","2020-10",5
"1207","280570","2020-10",2
"1208","280630","2020-10",2
"1209","280660","2020-10",1
"1210","280670","2020-10",3
"1211","280670","2020-10",2
"1212","280690","2020-10",1
"1213","280710","2020-10",1
"1214","280710","2020-10",1
"1215","280740","2020-10",2
"1216","280760","2020-10",6
"1217","290860","2020-10",1
"1218","290920","2020-10",2
"1219","291650","2020-10",1
"1220","291790","2020-10",1
"1221","292700","2020-10",1
"1222","292700","2020-10",1
"1223","280020","2020-11",12
"1224","280030","2020-11",6
"1225","280030","2020-11",12
"1226","280050","2020-11",1
"1227","280067","2020-11",4
"1228","280120","2020-11",1
"1229","280120","2020-11",1
"1230","280130","2020-11",3
"1231","280170","2020-11",2
"1232","280210","2020-11",6
"1233","280240","2020-11",1
"1234","280280","2020-11",2
"1235","280290","2020-11",1
"1236","280290","2020-11",3
"1237","280340","2020-11",1
"1238","280340","2020-11",1
"1239","280350","2020-11",4
"1240","280360","2020-11",1
"1241","280370","2020-11",1
"1242","280400","2020-11",1
"1243","280410","2020-11",1
"1244","280430","2020-11",1
"1245","280430","2020-11",1
"1246","280450","2020-11",1
"1247","280450","2020-11",1
"1248","280480","2020-11",5
"1249","280480","2020-11",3
"1250","280510","2020-11",1
"1251","280520","2020-11",1
"1252","280560","2020-11",1
"1253","280580","2020-11",1
"1254","280580","2020-11",1
"1255","280630","2020-11",1
"1256","280660","2020-11",1
"1257","280670","2020-11",1
"1258","280670","2020-11",2
"1259","280680","2020-11",1
"1260","280690","2020-11",2
"1261","280710","2020-11",5
"1262","280740","2020-11",1
"1263","280760","2020-11",4
"1264","290860","2020-11",1
"1265","290920","2020-11",1
"1266","291650","2020-11",1
"1267","292700","2020-11",1
"1268","280020","2020-12",12
"1269","280030","2020-12",2
"1270","280030","2020-12",16
"1271","280060","2020-12",3
"1272","280067","2020-12",1
"1273","280100","2020-12",1
"1274","280110","2020-12",1
"1275","280110","2020-12",1
"1276","280130","2020-12",5
"1277","280130","2020-12",2
"1278","280160","2020-12",1
"1279","280210","2020-12",4
"1280","280260","2020-12",1
"1281","280280","2020-12",1
"1282","280290","2020-12",1
"1283","280300","2020-12",1
"1284","280300","2020-12",2
"1285","280310","2020-12",1
"1286","280330","2020-12",2
"1287","280350","2020-12",4
"1288","280360","2020-12",2
"1289","280380","2020-12",1
"1290","280410","2020-12",1
"1291","280440","2020-12",1
"1292","280450","2020-12",1
"1293","280460","2020-12",1
"1294","280480","2020-12",2
"1295","280480","2020-12",6
"1296","280570","2020-12",2
"1297","280580","2020-12",1
"1298","280590","2020-12",2
"1299","280630","2020-12",1
"1300","280670","2020-12",3
"1301","280670","2020-12",3
"1302","280710","2020-12",1
"1303","280740","2020-12",3
"1304","280750","2020-12",1
"1305","280760","2020-12",2
"1306","292380","2020-12",1
"1307","270750","2021-01",2
"1308","280010","2021-01",1
"1309","280020","2021-01",11
"1310","280030","2021-01",23
"1311","280040","2021-01",2
"1312","280060","2021-01",2
"1313","280067","2021-01",1
"1314","280110","2021-01",2
"1315","280120","2021-01",1
"1316","280160","2021-01",1
"1317","280170","2021-01",1
"1318","280210","2021-01",7
"1319","280230","2021-01",1
"1320","280280","2021-01",2
"1321","280290","2021-01",7
"1322","280300","2021-01",1
"1323","280330","2021-01",1
"1324","280340","2021-01",2
"1325","280350","2021-01",9
"1326","280360","2021-01",2
"1327","280390","2021-01",1
"1328","280480","2021-01",7
"1329","280510","2021-01",1
"1330","280570","2021-01",1
"1331","280600","2021-01",2
"1332","280670","2021-01",2
"1333","280710","2021-01",2
"1334","280760","2021-01",4
"1335","291790","2021-01",2
"1336","292420","2021-01",1
"1337","292470","2021-01",1
"1338","350330","2021-01",1
"1339","280010","2021-02",1
"1340","280020","2021-02",7
"1341","280030","2021-02",7
"1342","280040","2021-02",3
"1343","280067","2021-02",2
"1344","280100","2021-02",1
"1345","280130","2021-02",4
"1346","280140","2021-02",1
"1347","280200","2021-02",1
"1348","280210","2021-02",9
"1349","280280","2021-02",2
"1350","280290","2021-02",5
"1351","280300","2021-02",2
"1352","280320","2021-02",3
"1353","280340","2021-02",2
"1354","280350","2021-02",1
"1355","280400","2021-02",2
"1356","280410","2021-02",1
"1357","280450","2021-02",1
"1358","280480","2021-02",2
"1359","280540","2021-02",1
"1360","280570","2021-02",1
"1361","280580","2021-02",1
"1362","280590","2021-02",1
"1363","280640","2021-02",1
"1364","280670","2021-02",4
"1365","280680","2021-02",1
"1366","280710","2021-02",1
"1367","280760","2021-02",1
"1368","291075","2021-02",1
"1369","292420","2021-02",1
"1370","292700","2021-02",2
"1371","280020","2021-03",12
"1372","280030","2021-03",16
"1373","280050","2021-03",1
"1374","280067","2021-03",1
"1375","280110","2021-03",2
"1376","280150","2021-03",1
"1377","280170","2021-03",1
"1378","280210","2021-03",5
"1379","280280","2021-03",1
"1380","280300","2021-03",2
"1381","280320","2021-03",1
"1382","280330","2021-03",2
"1383","280340","2021-03",1
"1384","280350","2021-03",3
"1385","280370","2021-03",1
"1386","280390","2021-03",1
"1387","280440","2021-03",1
"1388","280450","2021-03",1
"1389","280460","2021-03",1
"1390","280480","2021-03",11
"1391","280590","2021-03",1
"1392","280620","2021-03",1
"1393","280670","2021-03",11
"1394","280710","2021-03",2
"1395","280760","2021-03",5
"1396","290860","2021-03",2
"1397","290920","2021-03",1
"1398","292420","2021-03",1
"1399","280020","2021-04",6
"1400","280030","2021-04",9
"1401","280050","2021-04",1
"1402","280067","2021-04",3
"1403","280070","2021-04",1
"1404","280120","2021-04",2
"1405","280130","2021-04",1
"1406","280170","2021-04",4
"1407","280210","2021-04",2
"1408","280230","2021-04",1
"1409","280280","2021-04",2
"1410","280290","2021-04",2
"1411","280300","2021-04",2
"1412","280340","2021-04",1
"1413","280350","2021-04",8
"1414","280450","2021-04",2
"1415","280460","2021-04",1
"1416","280480","2021-04",6
"1417","280490","2021-04",1
"1418","280540","2021-04",1
"1419","280630","2021-04",2
"1420","280670","2021-04",6
"1421","280710","2021-04",1
"1422","280750","2021-04",4
"1423","280760","2021-04",3
"1424","291790","2021-04",1
"1425","292420","2021-04",2
"1426","261160","2021-05",1
"1427","270640","2021-05",1
"1428","280020","2021-05",4
"1429","280030","2021-05",17
"1430","280040","2021-05",1
"1431","280050","2021-05",1
"1432","280060","2021-05",1
"1433","280067","2021-05",1
"1434","280070","2021-05",1
"1435","280110","2021-05",1
"1436","280120","2021-05",2
"1437","280130","2021-05",3
"1438","280140","2021-05",2
"1439","280160","2021-05",1
"1440","280170","2021-05",1
"1441","280200","2021-05",1
"1442","280210","2021-05",2
"1443","280280","2021-05",2
"1444","280290","2021-05",2
"1445","280300","2021-05",1
"1446","280320","2021-05",1
"1447","280330","2021-05",1
"1448","280350","2021-05",4
"1449","280360","2021-05",1
"1450","280370","2021-05",3
"1451","280390","2021-05",1
"1452","280450","2021-05",1
"1453","280470","2021-05",2
"1454","280480","2021-05",12
"1455","280510","2021-05",1
"1456","280540","2021-05",2
"1457","280560","2021-05",1
"1458","280570","2021-05",1
"1459","280600","2021-05",1
"1460","280630","2021-05",3
"1461","280750","2021-05",1
"1462","280760","2021-05",1
"1463","261160","2021-06",1
"1464","280020","2021-06",10
"1465","280030","2021-06",21
"1466","280040","2021-06",1
"1467","280060","2021-06",2
"1468","280067","2021-06",6
"1469","280100","2021-06",1
"1470","280130","2021-06",3
"1471","280140","2021-06",1
"1472","280200","2021-06",1
"1473","280210","2021-06",6
"1474","280280","2021-06",4
"1475","280290","2021-06",3
"1476","280300","2021-06",1
"1477","280340","2021-06",1
"1478","280360","2021-06",3
"1479","280390","2021-06",1
"1480","280440","2021-06",1
"1481","280450","2021-06",3
"1482","280480","2021-06",12
"1483","280570","2021-06",3
"1484","280610","2021-06",1
"1485","280630","2021-06",1
"1486","280670","2021-06",4
"1487","280680","2021-06",1
"1488","280740","2021-06",1
"1489","280750","2021-06",1
"1490","280760","2021-06",1
"1491","291790","2021-06",3
"1492","280020","2021-07",13
"1493","280030","2021-07",19
"1494","280040","2021-07",3
"1495","280060","2021-07",1
"1496","280067","2021-07",1
"1497","280070","2021-07",2
"1498","280110","2021-07",1
"1499","280130","2021-07",2
"1500","280150","2021-07",1
"1501","280210","2021-07",10
"1502","280240","2021-07",1
"1503","280260","2021-07",2
"1504","280290","2021-07",6
"1505","280300","2021-07",1
"1506","280320","2021-07",1
"1507","280330","2021-07",1
"1508","280340","2021-07",1
"1509","280350","2021-07",3
"1510","280370","2021-07",1
"1511","280400","2021-07",4
"1512","280410","2021-07",1
"1513","280430","2021-07",1
"1514","280450","2021-07",3
"1515","280480","2021-07",4
"1516","280500","2021-07",1
"1517","280510","2021-07",1
"1518","280570","2021-07",1
"1519","280580","2021-07",1
"1520","280590","2021-07",4
"1521","280630","2021-07",1
"1522","280640","2021-07",1
"1523","280660","2021-07",1
"1524","280670","2021-07",7
"1525","280690","2021-07",1
"1526","280710","2021-07",1
"1527","280740","2021-07",1
"1528","280760","2021-07",1
"1529","280020","2021-08",12
"1530","280030","2021-08",25
"1531","280040","2021-08",1
"1532","280050","2021-08",1
"1533","280060","2021-08",1
"1534","280067","2021-08",2
"1535","280100","2021-08",1
"1536","280110","2021-08",2
"1537","280130","2021-08",5
"1538","280170","2021-08",3
"1539","280200","2021-08",1
"1540","280210","2021-08",5
"1541","280230","2021-08",1
"1542","280250","2021-08",1
"1543","280270","2021-08",1
"1544","280290","2021-08",3
"1545","280300","2021-08",2
"1546","280320","2021-08",1
"1547","280340","2021-08",1
"1548","280350","2021-08",11
"1549","280360","2021-08",4
"1550","280370","2021-08",5
"1551","280380","2021-08",1
"1552","280430","2021-08",1
"1553","280440","2021-08",2
"1554","280450","2021-08",1
"1555","280460","2021-08",1
"1556","280480","2021-08",5
"1557","280510","2021-08",1
"1558","280530","2021-08",2
"1559","280560","2021-08",1
"1560","280590","2021-08",5
"1561","280600","2021-08",1
"1562","280630","2021-08",1
"1563","280670","2021-08",9
"1564","280710","2021-08",1
"1565","280740","2021-08",3
"1566","280750","2021-08",1
"1567","280760","2021-08",3
"1568","291650","2021-08",1
"1569","292400","2021-08",1
"1570","280020","2021-09",6
"1571","280030","2021-09",18
"1572","280040","2021-09",1
"1573","280060","2021-09",2
"1574","280067","2021-09",4
"1575","280070","2021-09",1
"1576","280120","2021-09",1
"1577","280170","2021-09",1
"1578","280210","2021-09",5
"1579","280230","2021-09",3
"1580","280280","2021-09",4
"1581","280290","2021-09",3
"1582","280300","2021-09",1
"1583","280320","2021-09",2
"1584","280340","2021-09",1
"1585","280350","2021-09",3
"1586","280360","2021-09",2
"1587","280370","2021-09",2
"1588","280430","2021-09",2
"1589","280445","2021-09",1
"1590","280450","2021-09",2
"1591","280480","2021-09",13
"1592","280490","2021-09",1
"1593","280510","2021-09",1
"1594","280520","2021-09",1
"1595","280530","2021-09",2
"1596","280540","2021-09",1
"1597","280580","2021-09",2
"1598","280590","2021-09",2
"1599","280650","2021-09",2
"1600","280660","2021-09",1
"1601","280670","2021-09",6
"1602","280710","2021-09",1
"1603","280740","2021-09",1
"1604","280750","2021-09",1
"1605","280760","2021-09",1
"1606","290920","2021-09",1
"1607","291790","2021-09",1
"1608","280010","2021-10",1
"1609","280020","2021-10",18
"1610","280030","2021-10",17
"1611","280067","2021-10",2
"1612","280120","2021-10",1
"1613","280130","2021-10",4
"1614","280140","2021-10",1
"1615","280210","2021-10",1
"1616","280280","2021-10",2
"1617","280290","2021-10",3
"1618","280310","2021-10",1
"1619","280350","2021-10",6
"1620","280400","2021-10",1
"1621","280410","2021-10",1
"1622","280430","2021-10",2
"1623","280445","2021-10",1
"1624","280480","2021-10",5
"1625","280570","2021-10",1
"1626","280590","2021-10",2
"1627","280620","2021-10",1
"1628","280650","2021-10",1
"1629","280660","2021-10",1
"1630","280670","2021-10",2
"1631","280680","2021-10",1
"1632","280710","2021-10",3
"1633","280720","2021-10",2
"1634","280730","2021-10",1
"1635","280740","2021-10",1
"1636","280760","2021-10",3
"1637","290860","2021-10",1
"1638","292380","2021-10",1
"1639","280020","2021-11",19
"1640","280030","2021-11",26
"1641","280067","2021-11",2
"1642","280110","2021-11",1
"1643","280120","2021-11",1
"1644","280130","2021-11",7
"1645","280160","2021-11",1
"1646","280170","2021-11",2
"1647","280210","2021-11",2
"1648","280220","2021-11",1
"1649","280230","2021-11",2
"1650","280260","2021-11",1
"1651","280280","2021-11",2
"1652","280340","2021-11",1
"1653","280350","2021-11",3
"1654","280370","2021-11",1
"1655","280410","2021-11",1
"1656","280440","2021-11",1
"1657","280480","2021-11",7
"1658","280570","2021-11",3
"1659","280610","2021-11",1
"1660","280620","2021-11",2
"1661","280630","2021-11",2
"1662","280660","2021-11",1
"1663","280680","2021-11",1
"1664","280710","2021-11",1
"1665","280740","2021-11",2
"1666","270750","2021-12",1
"1667","280020","2021-12",19
"1668","280030","2021-12",18
"1669","280067","2021-12",1
"1670","280070","2021-12",1
"1671","280110","2021-12",1
"1672","280130","2021-12",9
"1673","280140","2021-12",1
"1674","280210","2021-12",1
"1675","280230","2021-12",2
"1676","280280","2021-12",1
"1677","280290","2021-12",3
"1678","280320","2021-12",4
"1679","280350","2021-12",3
"1680","280360","2021-12",3
"1681","280390","2021-12",2
"1682","280460","2021-12",1
"1683","280480","2021-12",5
"1684","280510","2021-12",2
"1685","280650","2021-12",1
"1686","280670","2021-12",2
"1687","280680","2021-12",1
"1688","280740","2021-12",1
"1689","280760","2021-12",2
"1690","290920","2021-12",1
"1691","280020","2022-01",13
"1692","280030","2022-01",15
"1693","280060","2022-01",2
"1694","280067","2022-01",1
"1695","280110","2022-01",1
"1696","280120","2022-01",1
"1697","280130","2022-01",5
"1698","280170","2022-01",1
"1699","280200","2022-01",1
"1700","280210","2022-01",5
"1701","280270","2022-01",1
"1702","280280","2022-01",1
"1703","280290","2022-01",3
"1704","280350","2022-01",8
"1705","280430","2022-01",3
"1706","280440","2022-01",1
"1707","280450","2022-01",1
"1708","280460","2022-01",1
"1709","280480","2022-01",5
"1710","280490","2022-01",1
"1711","280500","2022-01",1
"1712","280520","2022-01",1
"1713","280570","2022-01",2
"1714","280610","2022-01",1
"1715","280620","2022-01",2
"1716","280670","2022-01",3
"1717","280720","2022-01",1
"1718","280740","2022-01",1
"1719","280020","2022-02",10
"1720","280030","2022-02",19
"1721","280040","2022-02",1
"1722","280060","2022-02",1
"1723","280110","2022-02",1
"1724","280120","2022-02",1
"1725","280130","2022-02",7
"1726","280210","2022-02",1
"1727","280290","2022-02",1
"1728","280350","2022-02",1
"1729","280360","2022-02",1
"1730","280450","2022-02",1
"1731","280480","2022-02",5
"1732","280490","2022-02",1
"1733","280570","2022-02",1
"1734","280590","2022-02",5
"1735","280620","2022-02",2
"1736","280670","2022-02",6
"1737","280680","2022-02",1
"1738","280710","2022-02",1
"1739","280730","2022-02",1
"1740","291790","2022-02",2
"1741","280020","2022-03",16
"1742","280030","2022-03",19
"1743","280050","2022-03",1
"1744","280067","2022-03",1
"1745","280130","2022-03",11
"1746","280160","2022-03",1
"1747","280170","2022-03",1
"1748","280190","2022-03",1
"1749","280200","2022-03",1
"1750","280210","2022-03",3
"1751","280260","2022-03",2
"1752","280290","2022-03",5
"1753","280300","2022-03",1
"1754","280330","2022-03",2
"1755","280350","2022-03",2
"1756","280390","2022-03",1
"1757","280450","2022-03",1
"1758","280480","2022-03",7
"1759","280570","2022-03",1
"1760","280580","2022-03",1
"1761","280590","2022-03",5
"1762","280630","2022-03",2
"1763","280660","2022-03",1
"1764","280670","2022-03",4
"1765","280680","2022-03",1
"1766","280740","2022-03",1
"1767","280750","2022-03",1
"1768","280760","2022-03",1
"1769","351880","2022-03",1
"1770","430468","2022-03",1
"1771","280020","2022-04",16
"1772","280030","2022-04",8
"1773","280040","2022-04",1
"1774","280060","2022-04",1
"1775","280067","2022-04",2
"1776","280120","2022-04",2
"1777","280130","2022-04",7
"1778","280140","2022-04",1
"1779","280150","2022-04",1
"1780","280170","2022-04",3
"1781","280210","2022-04",3
"1782","280280","2022-04",3
"1783","280290","2022-04",3
"1784","280300","2022-04",1
"1785","280320","2022-04",3
"1786","280350","2022-04",3
"1787","280370","2022-04",1
"1788","280400","2022-04",1
"1789","280440","2022-04",1
"1790","280480","2022-04",8
"1791","280510","2022-04",1
"1792","280570","2022-04",1
"1793","280580","2022-04",1
"1794","280590","2022-04",2
"1795","280670","2022-04",3
"1796","280710","2022-04",2
"1797","280740","2022-04",1
"1798","280760","2022-04",1
"1799","292740","2022-04",1
"1800","270750","2022-05",1
"1801","280020","2022-05",14
"1802","280030","2022-05",26
"1803","280040","2022-05",1
"1804","280100","2022-05",1
"1805","280110","2022-05",1
"1806","280120","2022-05",2
"1807","280130","2022-05",7
"1808","280170","2022-05",1
"1809","280190","2022-05",1
"1810","280210","2022-05",2
"1811","280220","2022-05",1
"1812","280260","2022-05",1
"1813","280280","2022-05",1
"1814","280320","2022-05",2
"1815","280350","2022-05",3
"1816","280360","2022-05",1
"1817","280380","2022-05",2
"1818","280390","2022-05",1
"1819","280430","2022-05",2
"1820","280445","2022-05",1
"1821","280480","2022-05",5
"1822","280530","2022-05",1
"1823","280560","2022-05",3
"1824","280590","2022-05",2
"1825","280650","2022-05",1
"1826","280670","2022-05",4
"1827","280740","2022-05",1
"1828","280750","2022-05",1
"1829","290860","2022-05",3
"1830","280020","2022-06",2
"1831","280030","2022-06",12
"1832","280040","2022-06",2
"1833","280060","2022-06",3
"1834","280067","2022-06",1
"1835","280120","2022-06",2
"1836","280130","2022-06",3
"1837","280200","2022-06",1
"1838","280210","2022-06",4
"1839","280280","2022-06",2
"1840","280290","2022-06",1
"1841","280300","2022-06",1
"1842","280310","2022-06",1
"1843","280350","2022-06",3
"1844","280360","2022-06",2
"1845","280390","2022-06",1
"1846","280410","2022-06",1
"1847","280480","2022-06",7
"1848","280500","2022-06",1
"1849","280560","2022-06",1
"1850","280570","2022-06",2
"1851","280590","2022-06",1
"1852","280650","2022-06",2
"1853","280670","2022-06",6
"1854","280710","2022-06",2
"1855","280740","2022-06",1
"1856","280020","2022-07",11
"1857","280030","2022-07",11
"1858","280040","2022-07",1
"1859","280067","2022-07",1
"1860","280110","2022-07",1
"1861","280120","2022-07",2
"1862","280130","2022-07",11
"1863","280150","2022-07",1
"1864","280210","2022-07",8
"1865","280240","2022-07",1
"1866","280280","2022-07",1
"1867","280290","2022-07",1
"1868","280300","2022-07",1
"1869","280350","2022-07",8
"1870","280360","2022-07",2
"1871","280370","2022-07",1
"1872","280380","2022-07",1
"1873","280390","2022-07",1
"1874","280430","2022-07",2
"1875","280445","2022-07",1
"1876","280480","2022-07",7
"1877","280490","2022-07",1
"1878","280520","2022-07",2
"1879","280550","2022-07",1
"1880","280590","2022-07",1
"1881","280600","2022-07",1
"1882","280620","2022-07",2
"1883","280630","2022-07",1
"1884","280670","2022-07",2
"1885","280680","2022-07",1
"1886","280710","2022-07",2
"1887","280740","2022-07",1
"1888","280750","2022-07",1
"1889","280760","2022-07",2
"1890","290860","2022-07",1
"1891","280020","2022-08",15
"1892","280030","2022-08",20
"1893","280040","2022-08",2
"1894","280067","2022-08",1
"1895","280070","2022-08",1
"1896","280120","2022-08",2
"1897","280130","2022-08",7
"1898","280170","2022-08",2
"1899","280190","2022-08",1
"1900","280210","2022-08",9
"1901","280230","2022-08",1
"1902","280280","2022-08",1
"1903","280290","2022-08",5
"1904","280300","2022-08",2
"1905","280320","2022-08",2
"1906","280350","2022-08",8
"1907","280360","2022-08",1
"1908","280380","2022-08",1
"1909","280430","2022-08",1
"1910","280450","2022-08",2
"1911","280480","2022-08",6
"1912","280520","2022-08",1
"1913","280550","2022-08",4
"1914","280590","2022-08",1
"1915","280600","2022-08",1
"1916","280630","2022-08",1
"1917","280650","2022-08",1
"1918","280670","2022-08",6
"1919","280710","2022-08",3
"1920","280730","2022-08",1
"1921","280760","2022-08",2
"1922","290860","2022-08",1
"1923","292380","2022-08",1
"1924","280020","2022-09",17
"1925","280030","2022-09",14
"1926","280067","2022-09",2
"1927","280120","2022-09",2
"1928","280130","2022-09",5
"1929","280160","2022-09",1
"1930","280210","2022-09",10
"1931","280290","2022-09",3
"1932","280300","2022-09",2
"1933","280320","2022-09",1
"1934","280350","2022-09",4
"1935","280370","2022-09",1
"1936","280410","2022-09",1
"1937","280440","2022-09",1
"1938","280445","2022-09",1
"1939","280450","2022-09",1
"1940","280480","2022-09",1
"1941","280490","2022-09",1
"1942","280510","2022-09",2
"1943","280550","2022-09",2
"1944","280570","2022-09",2
"1945","280590","2022-09",1
"1946","280610","2022-09",1
"1947","280620","2022-09",2
"1948","280630","2022-09",3
"1949","280650","2022-09",1
"1950","280670","2022-09",2
"1951","280680","2022-09",1
"1952","280710","2022-09",7
"1953","280720","2022-09",1
"1954","280750","2022-09",1
"1955","280760","2022-09",2
"1956","291650","2022-09",1
"1957","280020","2022-10",13
"1958","280030","2022-10",13
"1959","280040","2022-10",1
"1960","280050","2022-10",1
"1961","280060","2022-10",3
"1962","280067","2022-10",4
"1963","280110","2022-10",1
"1964","280130","2022-10",1
"1965","280150","2022-10",1
"1966","280170","2022-10",2
"1967","280190","2022-10",1
"1968","280210","2022-10",2
"1969","280230","2022-10",2
"1970","280280","2022-10",1
"1971","280290","2022-10",2
"1972","280300","2022-10",2
"1973","280320","2022-10",2
"1974","280330","2022-10",1
"1975","280350","2022-10",8
"1976","280380","2022-10",1
"1977","280390","2022-10",1
"1978","280430","2022-10",2
"1979","280445","2022-10",1
"1980","280450","2022-10",1
"1981","280480","2022-10",9
"1982","280530","2022-10",1
"1983","280570","2022-10",1
"1984","280620","2022-10",1
"1985","280670","2022-10",4
"1986","280680","2022-10",1
"1987","280700","2022-10",1
"1988","280710","2022-10",3
"1989","291790","2022-10",2
"1990","350900","2022-10",1
"1991","270750","2022-11",2
"1992","280020","2022-11",20
"1993","280030","2022-11",14
"1994","280060","2022-11",1
"1995","280067","2022-11",1
"1996","280110","2022-11",1
"1997","280120","2022-11",3
"1998","280130","2022-11",7
"1999","280160","2022-11",1
"2000","280170","2022-11",5
"2001","280210","2022-11",5
"2002","280220","2022-11",1
"2003","280230","2022-11",1
"2004","280240","2022-11",1
"2005","280250","2022-11",1
"2006","280270","2022-11",1
"2007","280280","2022-11",1
"2008","280290","2022-11",4
"2009","280300","2022-11",1
"2010","280320","2022-11",2
"2011","280350","2022-11",4
"2012","280370","2022-11",1
"2013","280430","2022-11",1
"2014","280450","2022-11",1
"2015","280480","2022-11",4
"2016","280510","2022-11",1
"2017","280530","2022-11",1
"2018","280540","2022-11",1
"2019","280600","2022-11",1
"2020","280620","2022-11",1
"2021","280630","2022-11",2
"2022","280670","2022-11",3
"2023","280710","2022-11",2
"2024","280720","2022-11",1
"2025","280740","2022-11",1
"2026","280750","2022-11",2
"2027","280760","2022-11",1
"2028","280020","2022-12",6
"2029","280030","2022-12",10
"2030","280067","2022-12",1
"2031","280100","2022-12",1
"2032","280120","2022-12",2
"2033","280130","2022-12",2
"2034","280150","2022-12",2
"2035","280170","2022-12",2
"2036","280210","2022-12",8
"2037","280290","2022-12",3
"2038","280300","2022-12",5
"2039","280350","2022-12",8
"2040","280390","2022-12",1
"2041","280430","2022-12",1
"2042","280450","2022-12",1
"2043","280480","2022-12",4
"2044","280490","2022-12",2
"2045","280540","2022-12",1
"2046","280620","2022-12",1
"2047","280630","2022-12",2
"2048","280670","2022-12",2
"2049","280690","2022-12",1
"2050","280710","2022-12",2
"2051","280740","2022-12",1
"2052","292380","2022-12",1
"2053","280020","2023-01",10
"2054","280030","2023-01",15
"2055","280040","2023-01",2
"2056","280050","2023-01",2
"2057","280060","2023-01",1
"2058","280120","2023-01",1
"2059","280130","2023-01",4
"2060","280200","2023-01",1
"2061","280210","2023-01",2
"2062","280220","2023-01",1
"2063","280280","2023-01",2
"2064","280290","2023-01",3
"2065","280300","2023-01",1
"2066","280400","2023-01",1
"2067","280430","2023-01",2
"2068","280450","2023-01",2
"2069","280480","2023-01",5
"2070","280510","2023-01",1
"2071","280540","2023-01",1
"2072","280550","2023-01",1
"2073","280590","2023-01",1
"2074","280670","2023-01",7
"2075","280710","2023-01",2
"2076","280750","2023-01",2
"2077","280760","2023-01",1
"2078","292380","2023-01",1
"2079","280020","2023-02",19
"2080","280030","2023-02",13
"2081","280050","2023-02",1
"2082","280120","2023-02",1
"2083","280130","2023-02",2
"2084","280160","2023-02",1
"2085","280170","2023-02",2
"2086","280190","2023-02",1
"2087","280210","2023-02",2
"2088","280280","2023-02",1
"2089","280290","2023-02",1
"2090","280300","2023-02",1
"2091","280310","2023-02",1
"2092","280320","2023-02",1
"2093","280340","2023-02",1
"2094","280350","2023-02",6
"2095","280390","2023-02",1
"2096","280450","2023-02",1
"2097","280480","2023-02",5
"2098","280630","2023-02",1
"2099","280650","2023-02",1
"2100","280660","2023-02",1
"2101","280670","2023-02",5
"2102","280710","2023-02",5
"2103","280740","2023-02",1
"2104","280760","2023-02",1
"2105","290035","2023-02",1
"2106","291070","2023-02",1
"2107","280020","2023-03",10
"2108","280030","2023-03",10
"2109","280060","2023-03",1
"2110","280070","2023-03",1
"2111","280110","2023-03",1
"2112","280120","2023-03",2
"2113","280130","2023-03",3
"2114","280210","2023-03",2
"2115","280230","2023-03",1
"2116","280290","2023-03",7
"2117","280320","2023-03",1
"2118","280350","2023-03",7
"2119","280380","2023-03",1
"2120","280390","2023-03",1
"2121","280400","2023-03",1
"2122","280410","2023-03",1
"2123","280430","2023-03",1
"2124","280480","2023-03",5
"2125","280530","2023-03",3
"2126","280570","2023-03",3
"2127","280610","2023-03",1
"2128","280630","2023-03",1
"2129","280650","2023-03",1
"2130","280670","2023-03",5
"2131","280710","2023-03",5
"2132","280740","2023-03",1
"2133","280760","2023-03",1
"2134","290920","2023-03",1
"2135","292380","2023-03",1
"2136","270820","2023-04",1
"2137","280020","2023-04",21
"2138","280030","2023-04",17
"2139","280040","2023-04",1
"2140","280060","2023-04",2
"2141","280067","2023-04",3
"2142","280100","2023-04",2
"2143","280110","2023-04",1
"2144","280130","2023-04",2
"2145","280210","2023-04",2
"2146","280280","2023-04",1
"2147","280290","2023-04",4
"2148","280300","2023-04",3
"2149","280320","2023-04",1
"2150","280330","2023-04",1
"2151","280340","2023-04",1
"2152","280350","2023-04",7
"2153","280380","2023-04",1
"2154","280390","2023-04",2
"2155","280400","2023-04",1
"2156","280410","2023-04",1
"2157","280430","2023-04",2
"2158","280440","2023-04",1
"2159","280480","2023-04",3
"2160","280490","2023-04",2
"2161","280530","2023-04",1
"2162","280570","2023-04",1
"2163","280580","2023-04",2
"2164","280590","2023-04",1
"2165","280650","2023-04",1
"2166","280670","2023-04",2
"2167","280690","2023-04",1
"2168","280710","2023-04",2
"2169","280760","2023-04",1
"2170","280020","2023-05",12
"2171","280030","2023-05",14
"2172","280060","2023-05",2
"2173","280067","2023-05",2
"2174","280070","2023-05",1
"2175","280100","2023-05",1
"2176","280130","2023-05",3
"2177","280170","2023-05",1
"2178","280210","2023-05",3
"2179","280290","2023-05",5
"2180","280300","2023-05",2
"2181","280350","2023-05",11
"2182","280360","2023-05",1
"2183","280430","2023-05",1
"2184","280440","2023-05",1
"2185","280480","2023-05",13
"2186","280490","2023-05",1
"2187","280500","2023-05",1
"2188","280550","2023-05",1
"2189","280570","2023-05",2
"2190","280580","2023-05",2
"2191","280590","2023-05",7
"2192","280600","2023-05",1
"2193","280620","2023-05",1
"2194","280670","2023-05",7
"2195","280710","2023-05",6
"2196","280750","2023-05",2
"2197","280760","2023-05",1
"2198","291790","2023-05",1
"2199","292380","2023-05",3
"2200","280020","2023-06",11
"2201","280030","2023-06",16
"2202","280040","2023-06",2
"2203","280060","2023-06",1
"2204","280130","2023-06",4
"2205","280200","2023-06",1
"2206","280210","2023-06",7
"2207","280280","2023-06",6
"2208","280290","2023-06",4
"2209","280300","2023-06",5
"2210","280320","2023-06",1
"2211","280350","2023-06",10
"2212","280360","2023-06",1
"2213","280390","2023-06",1
"2214","280400","2023-06",1
"2215","280430","2023-06",1
"2216","280460","2023-06",2
"2217","280480","2023-06",9
"2218","280570","2023-06",2
"2219","280580","2023-06",3
"2220","280600","2023-06",1
"2221","280610","2023-06",3
"2222","280620","2023-06",3
"2223","280630","2023-06",1
"2224","280650","2023-06",2
"2225","280670","2023-06",2
"2226","280680","2023-06",1
"2227","280710","2023-06",7
"2228","280740","2023-06",1
"2229","280760","2023-06",1
"2230","290920","2023-06",1
"2231","261110","2023-07",1
"2232","270820","2023-07",1
"2233","280020","2023-07",13
"2234","280030","2023-07",17
"2235","280040","2023-07",1
"2236","280060","2023-07",1
"2237","280067","2023-07",3
"2238","280120","2023-07",1
"2239","280170","2023-07",1
"2240","280190","2023-07",1
"2241","280200","2023-07",2
"2242","280210","2023-07",9
"2243","280230","2023-07",1
"2244","280280","2023-07",4
"2245","280290","2023-07",4
"2246","280300","2023-07",4
"2247","280350","2023-07",3
"2248","280360","2023-07",3
"2249","280400","2023-07",2
"2250","280420","2023-07",1
"2251","280440","2023-07",2
"2252","280445","2023-07",1
"2253","280450","2023-07",1
"2254","280460","2023-07",1
"2255","280470","2023-07",1
"2256","280480","2023-07",8
"2257","280490","2023-07",3
"2258","280520","2023-07",1
"2259","280530","2023-07",1
"2260","280550","2023-07",3
"2261","280560","2023-07",2
"2262","280570","2023-07",3
"2263","280580","2023-07",1
"2264","280590","2023-07",1
"2265","280600","2023-07",1
"2266","280610","2023-07",1
"2267","280620","2023-07",1
"2268","280630","2023-07",2
"2269","280660","2023-07",1
"2270","280670","2023-07",2
"2271","280740","2023-07",3
"2272","280750","2023-07",2
"2273","291790","2023-07",2
"2274","261110","2023-08",1
"2275","270750","2023-08",1
"2276","280020","2023-08",14
"2277","280030","2023-08",18
"2278","280060","2023-08",1
"2279","280067","2023-08",1
"2280","280100","2023-08",1
"2281","280110","2023-08",1
"2282","280130","2023-08",5
"2283","280140","2023-08",2
"2284","280150","2023-08",1
"2285","280160","2023-08",1
"2286","280190","2023-08",1
"2287","280210","2023-08",3
"2288","280230","2023-08",1
"2289","280280","2023-08",2
"2290","280290","2023-08",3
"2291","280300","2023-08",4
"2292","280310","2023-08",1
"2293","280320","2023-08",1
"2294","280330","2023-08",1
"2295","280350","2023-08",12
"2296","280360","2023-08",2
"2297","280390","2023-08",1
"2298","280410","2023-08",1
"2299","280450","2023-08",3
"2300","280460","2023-08",2
"2301","280480","2023-08",5
"2302","280490","2023-08",1
"2303","280540","2023-08",1
"2304","280590","2023-08",2
"2305","280620","2023-08",1
"2306","280630","2023-08",3
"2307","280660","2023-08",1
"2308","280670","2023-08",5
"2309","280710","2023-08",1
"2310","280720","2023-08",1
"2311","280750","2023-08",4
"2312","280760","2023-08",1
"2313","291790","2023-08",1
"2314","280020","2023-09",5
"2315","280030","2023-09",17
"2316","280040","2023-09",1
"2317","280060","2023-09",1
"2318","280067","2023-09",6
"2319","280110","2023-09",1
"2320","280120","2023-09",1
"2321","280130","2023-09",2
"2322","280170","2023-09",2
"2323","280210","2023-09",9
"2324","280230","2023-09",1
"2325","280280","2023-09",2
"2326","280290","2023-09",6
"2327","280300","2023-09",3
"2328","280350","2023-09",6
"2329","280370","2023-09",1
"2330","280390","2023-09",1
"2331","280440","2023-09",1
"2332","280450","2023-09",1
"2333","280480","2023-09",3
"2334","280490","2023-09",1
"2335","280550","2023-09",1
"2336","280570","2023-09",1
"2337","280590","2023-09",1
"2338","280620","2023-09",1
"2339","280630","2023-09",3
"2340","280670","2023-09",2
"2341","280680","2023-09",1
"2342","280710","2023-09",4
"2343","280720","2023-09",1
"2344","280740","2023-09",2
"2345","280750","2023-09",2
"2346","280760","2023-09",2
"2347","292420","2023-09",1
"2348","280020","2023-10",4
"2349","280030","2023-10",15
"2350","280040","2023-10",2
"2351","280067","2023-10",5
"2352","280070","2023-10",1
"2353","280100","2023-10",1
"2354","280110","2023-10",1
"2355","280130","2023-10",3
"2356","280170","2023-10",1
"2357","280210","2023-10",8
"2358","280280","2023-10",2
"2359","280290","2023-10",3
"2360","280300","2023-10",2
"2361","280350","2023-10",12
"2362","280360","2023-10",1
"2363","280390","2023-10",1
"2364","280400","2023-10",1
"2365","280440","2023-10",1
"2366","280460","2023-10",4
"2367","280480","2023-10",8
"2368","280580","2023-10",3
"2369","280590","2023-10",1
"2370","280620","2023-10",2
"2371","280650","2023-10",1
"2372","280670","2023-10",4
"2373","280700","2023-10",1
"2374","280720","2023-10",1
"2375","280740","2023-10",1
"2376","280750","2023-10",1
"2377","280760","2023-10",3
"2378","290920","2023-10",1
"2379","291650","2023-10",1
"2380","292380","2023-10",1
"2381","292700","2023-10",1
"2382","280020","2023-11",12
"2383","280030","2023-11",13
"2384","280040","2023-11",2
"2385","280060","2023-11",1
"2386","280067","2023-11",1
"2387","280120","2023-11",1
"2388","280130","2023-11",3
"2389","280150","2023-11",1
"2390","280200","2023-11",2
"2391","280210","2023-11",9
"2392","280230","2023-11",1
"2393","280280","2023-11",1
"2394","280290","2023-11",1
"2395","280300","2023-11",3
"2396","280340","2023-11",1
"2397","280350","2023-11",10
"2398","280370","2023-11",1
"2399","280400","2023-11",1
"2400","280410","2023-11",1
"2401","280450","2023-11",1
"2402","280470","2023-11",1
"2403","280480","2023-11",11
"2404","280490","2023-11",2
"2405","280550","2023-11",1
"2406","280580","2023-11",1
"2407","280590","2023-11",3
"2408","280600","2023-11",1
"2409","280630","2023-11",3
"2410","280660","2023-11",1
"2411","280670","2023-11",3
"2412","280710","2023-11",2
"2413","280740","2023-11",1
"2414","280760","2023-11",2
"2415","290860","2023-11",1
"2416","270750","2023-12",1
"2417","280020","2023-12",18
"2418","280030","2023-12",13
"2419","280060","2023-12",1
"2420","280067","2023-12",4
"2421","280100","2023-12",2
"2422","280120","2023-12",2
"2423","280130","2023-12",4
"2424","280200","2023-12",1
"2425","280210","2023-12",10
"2426","280280","2023-12",2
"2427","280290","2023-12",4
"2428","280300","2023-12",1
"2429","280320","2023-12",1
"2430","280330","2023-12",1
"2431","280350","2023-12",5
"2432","280380","2023-12",1
"2433","280390","2023-12",1
"2434","280430","2023-12",2
"2435","280460","2023-12",1
"2436","280470","2023-12",1
"2437","280480","2023-12",4
"2438","280530","2023-12",1
"2439","280570","2023-12",1
"2440","280600","2023-12",1
"2441","280630","2023-12",1
"2442","280670","2023-12",1
"2443","280680","2023-12",1
"2444","280690","2023-12",2
"2445","280710","2023-12",6
"2446","280720","2023-12",2
"2447","280740","2023-12",1
"2448","280750","2023-12",2
"2449","280760","2023-12",3
"2450","291790","2023-12",1
"2451","292380","2023-12",1
"2452","270750","2024-01",1
"2453","280020","2024-01",15
"2454","280030","2024-01",22
"2455","280040","2024-01",3
"2456","280050","2024-01",2
"2457","280067","2024-01",2
"2458","280100","2024-01",3
"2459","280120","2024-01",3
"2460","280130","2024-01",3
"2461","280150","2024-01",1
"2462","280160","2024-01",1
"2463","280170","2024-01",3
"2464","280190","2024-01",2
"2465","280210","2024-01",13
"2466","280250","2024-01",1
"2467","280280","2024-01",1
"2468","280290","2024-01",7
"2469","280300","2024-01",5
"2470","280320","2024-01",4
"2471","280350","2024-01",13
"2472","280370","2024-01",1
"2473","280430","2024-01",1
"2474","280450","2024-01",2
"2475","280480","2024-01",6
"2476","280510","2024-01",1
"2477","280520","2024-01",1
"2478","280590","2024-01",1
"2479","280620","2024-01",1
"2480","280630","2024-01",2
"2481","280710","2024-01",3
"2482","280740","2024-01",2
"2483","290860","2024-01",1
"2484","270750","2024-02",1
"2485","280020","2024-02",18
"2486","280030","2024-02",15
"2487","280050","2024-02",1
"2488","280060","2024-02",1
"2489","280067","2024-02",1
"2490","280070","2024-02",1
"2491","280100","2024-02",2
"2492","280120","2024-02",1
"2493","280130","2024-02",1
"2494","280140","2024-02",2
"2495","280160","2024-02",1
"2496","280170","2024-02",1
"2497","280210","2024-02",8
"2498","280220","2024-02",1
"2499","280230","2024-02",1
"2500","280270","2024-02",2
"2501","280280","2024-02",2
"2502","280290","2024-02",3
"2503","280300","2024-02",3
"2504","280320","2024-02",4
"2505","280340","2024-02",2
"2506","280350","2024-02",8
"2507","280360","2024-02",1
"2508","280390","2024-02",1
"2509","280410","2024-02",1
"2510","280440","2024-02",1
"2511","280450","2024-02",2
"2512","280480","2024-02",6
"2513","280540","2024-02",1
"2514","280560","2024-02",2
"2515","280570","2024-02",3
"2516","280580","2024-02",1
"2517","280590","2024-02",1
"2518","280600","2024-02",1
"2519","280610","2024-02",1
"2520","280630","2024-02",1
"2521","280670","2024-02",2
"2522","280680","2024-02",2
"2523","280710","2024-02",13
"2524","280740","2024-02",1
"2525","280750","2024-02",2
"2526","291650","2024-02",1
"2527","280020","2024-03",16
"2528","280030","2024-03",17
"2529","280060","2024-03",1
"2530","280067","2024-03",3
"2531","280070","2024-03",1
"2532","280120","2024-03",1
"2533","280130","2024-03",3
"2534","280150","2024-03",1
"2535","280190","2024-03",1
"2536","280200","2024-03",1
"2537","280210","2024-03",17
"2538","280230","2024-03",1
"2539","280280","2024-03",6
"2540","280290","2024-03",2
"2541","280320","2024-03",3
"2542","280350","2024-03",8
"2543","280390","2024-03",1
"2544","280430","2024-03",1
"2545","280470","2024-03",1
"2546","280480","2024-03",10
"2547","280520","2024-03",1
"2548","280550","2024-03",2
"2549","280570","2024-03",3
"2550","280580","2024-03",1
"2551","280590","2024-03",1
"2552","280600","2024-03",1
"2553","280620","2024-03",2
"2554","280630","2024-03",2
"2555","280670","2024-03",2
"2556","280710","2024-03",2
"2557","280760","2024-03",2
"2558","292740","2024-03",1
"2559","292905","2024-03",1
"2560","354850","2024-03",1
"2561","270290","2024-04",1
"2562","280020","2024-04",10
"2563","280030","2024-04",26
"2564","280060","2024-04",2
"2565","280067","2024-04",3
"2566","280130","2024-04",1
"2567","280190","2024-04",1
"2568","280210","2024-04",15
"2569","280260","2024-04",1
"2570","280280","2024-04",2
"2571","280310","2024-04",1
"2572","280330","2024-04",2
"2573","280350","2024-04",9
"2574","280360","2024-04",1
"2575","280390","2024-04",2
"2576","280420","2024-04",1
"2577","280460","2024-04",1
"2578","280480","2024-04",5
"2579","280530","2024-04",2
"2580","280550","2024-04",2
"2581","280560","2024-04",2
"2582","280580","2024-04",1
"2583","280590","2024-04",3
"2584","280650","2024-04",2
"2585","280660","2024-04",1
"2586","280670","2024-04",3
"2587","280710","2024-04",7
"2588","280740","2024-04",5
"2589","280760","2024-04",2
"2590","291650","2024-04",1
"2591","280020","2024-05",13
"2592","280030","2024-05",21
"2593","280060","2024-05",2
"2594","280067","2024-05",2
"2595","280120","2024-05",2
"2596","280130","2024-05",3
"2597","280210","2024-05",5
"2598","280290","2024-05",6
"2599","280300","2024-05",2
"2600","280320","2024-05",2
"2601","280330","2024-05",1
"2602","280350","2024-05",10
"2603","280360","2024-05",3
"2604","280370","2024-05",1
"2605","280390","2024-05",2
"2606","280410","2024-05",1
"2607","280430","2024-05",1
"2608","280480","2024-05",11
"2609","280510","2024-05",1
"2610","280590","2024-05",1
"2611","280620","2024-05",2
"2612","280630","2024-05",2
"2613","280650","2024-05",1
"2614","280670","2024-05",4
"2615","280680","2024-05",2
"2616","280710","2024-05",2
"2617","280740","2024-05",3
"2618","280750","2024-05",1
"2619","280760","2024-05",2
"2620","292380","2024-05",1
"2621","270750","2024-06",1
"2622","280020","2024-06",15
"2623","280030","2024-06",29
"2624","280060","2024-06",1
"2625","280067","2024-06",2
"2626","280070","2024-06",1
"2627","280100","2024-06",1
"2628","280120","2024-06",1
"2629","280130","2024-06",7
"2630","280170","2024-06",1
"2631","280210","2024-06",5
"2632","280230","2024-06",1
"2633","280240","2024-06",1
"2634","280290","2024-06",2
"2635","280300","2024-06",2
"2636","280320","2024-06",2
"2637","280340","2024-06",1
"2638","280350","2024-06",7
"2639","280360","2024-06",1
"2640","280370","2024-06",2
"2641","280400","2024-06",1
"2642","280420","2024-06",1
"2643","280430","2024-06",1
"2644","280460","2024-06",1
"2645","280480","2024-06",12
"2646","280490","2024-06",2
"2647","280510","2024-06",2
"2648","280560","2024-06",2
"2649","280630","2024-06",2
"2650","280670","2024-06",3
"2651","280680","2024-06",1
"2652","280710","2024-06",10
"2653","280740","2024-06",4
"2654","280750","2024-06",3
"2655","280760","2024-06",2
"2656","290860","2024-06",1
"2657","291790","2024-06",1
"2658","270820","2024-07",1
"2659","280020","2024-07",8
"2660","280030","2024-07",21
"2661","280040","2024-07",1
"2662","280050","2024-07",2
"2663","280067","2024-07",5
"2664","280070","2024-07",1
"2665","280120","2024-07",1
"2666","280130","2024-07",1
"2667","280140","2024-07",3
"2668","280170","2024-07",6
"2669","280210","2024-07",10
"2670","280220","2024-07",1
"2671","280280","2024-07",2
"2672","280290","2024-07",1
"2673","280300","2024-07",3
"2674","280350","2024-07",3
"2675","280370","2024-07",1
"2676","280390","2024-07",2
"2677","280445","2024-07",1
"2678","280450","2024-07",2
"2679","280460","2024-07",1
"2680","280480","2024-07",10
"2681","280510","2024-07",2
"2682","280530","2024-07",1
"2683","280540","2024-07",1
"2684","280560","2024-07",1
"2685","280570","2024-07",2
"2686","280580","2024-07",1
"2687","280590","2024-07",1
"2688","280600","2024-07",1
"2689","280620","2024-07",1
"2690","280630","2024-07",1
"2691","280670","2024-07",3
"2692","280690","2024-07",1
"2693","280710","2024-07",7
"2694","280740","2024-07",4
"2695","280750","2024-07",4
"2696","280760","2024-07",3
"2697","290190","2024-07",1
"2698","291080","2024-07",1
"2699","280020","2024-08",9
"2700","280030","2024-08",25
"2701","280040","2024-08",2
"2702","280050","2024-08",1
"2703","280067","2024-08",3
"2704","280120","2024-08",3
"2705","280130","2024-08",7
"2706","280170","2024-08",3
"2707","280210","2024-08",7
"2708","280230","2024-08",1
"2709","280270","2024-08",1
"2710","280280","2024-08",2
"2711","280290","2024-08",8
"2712","280300","2024-08",3
"2713","280320","2024-08",1
"2714","280340","2024-08",1
"2715","280350","2024-08",3
"2716","280360","2024-08",1
"2717","280450","2024-08",5
"2718","280480","2024-08",7
"2719","280490","2024-08",1
"2720","280550","2024-08",3
"2721","280560","2024-08",1
"2722","280570","2024-08",2
"2723","280580","2024-08",1
"2724","280600","2024-08",1
"2725","280620","2024-08",1
"2726","280650","2024-08",1
"2727","280670","2024-08",6
"2728","280710","2024-08",3
"2729","280740","2024-08",4
"2730","280750","2024-08",3
"2731","280760","2024-08",2
"2732","291790","2024-08",1
"2733","292380","2024-08",1
"2734","270820","2024-09",1
"2735","280020","2024-09",8
"2736","280030","2024-09",17
"2737","280040","2024-09",2
"2738","280060","2024-09",1
"2739","280067","2024-09",5
"2740","280070","2024-09",2
"2741","280130","2024-09",4
"2742","280160","2024-09",2
"2743","280210","2024-09",3
"2744","280220","2024-09",2
"2745","280240","2024-09",1
"2746","280280","2024-09",1
"2747","280290","2024-09",2
"2748","280300","2024-09",2
"2749","280310","2024-09",1
"2750","280320","2024-09",1
"2751","280330","2024-09",1
"2752","280340","2024-09",2
"2753","280350","2024-09",10
"2754","280370","2024-09",1
"2755","280380","2024-09",1
"2756","280430","2024-09",1
"2757","280440","2024-09",1
"2758","280450","2024-09",1
"2759","280480","2024-09",6
"2760","280540","2024-09",2
"2761","280550","2024-09",1
"2762","280570","2024-09",2
"2763","280580","2024-09",1
"2764","280590","2024-09",3
"2765","280600","2024-09",1
"2766","280630","2024-09",2
"2767","280650","2024-09",1
"2768","280670","2024-09",6
"2769","280710","2024-09",3
"2770","280740","2024-09",3
"2771","280750","2024-09",1
"2772","280760","2024-09",2
"2773","291790","2024-09",1
"2774","270320","2024-10",1
"2775","280020","2024-10",6
"2776","280030","2024-10",8
"2777","280040","2024-10",2
"2778","280060","2024-10",3
"2779","280067","2024-10",4
"2780","280130","2024-10",1
"2781","280140","2024-10",2
"2782","280170","2024-10",2
"2783","280210","2024-10",5
"2784","280260","2024-10",1
"2785","280300","2024-10",4
"2786","280310","2024-10",1
"2787","280320","2024-10",1
"2788","280350","2024-10",3
"2789","280370","2024-10",2
"2790","280410","2024-10",2
"2791","280445","2024-10",1
"2792","280480","2024-10",7
"2793","280510","2024-10",1
"2794","280520","2024-10",1
"2795","280560","2024-10",1
"2796","280590","2024-10",3
"2797","280630","2024-10",3
"2798","280640","2024-10",2
"2799","280650","2024-10",1
"2800","280670","2024-10",3
"2801","280700","2024-10",1
"2802","280710","2024-10",3
"2803","280740","2024-10",1
"2804","280750","2024-10",1
"2805","280760","2024-10",2
"2806","290920","2024-10",1
"2807","280020","2024-11",3
"2808","280030","2024-11",6
"2809","280067","2024-11",1
"2810","280140","2024-11",1
"2811","280200","2024-11",1
"2812","280210","2024-11",3
"2813","280300","2024-11",2
"2814","280480","2024-11",2
"2815","280590","2024-11",2
"2816","280710","2024-11",2
"2817","500110","2024-11",1
"2818","280020","2024-12",2
"2819","280030","2024-12",6
"2820","280210","2024-12",4
"2821","280300","2024-12",1
